{
  "training_duration_hours": 0.14938465111111113,
  "val/mAP50_final": 0.0,
  "val/mAP50-95_final": 0.0,
  "val/precision_final": 0.0,
  "val/recall_final": 0.0,
  "test/mAP50": 0.995,
  "test/mAP50-95": 0.9932740384615384,
  "test/precision": 0.9886036123122673,
  "test/recall": 1.0
}