{
  "training_duration_hours": 0.13170380027777778,
  "test/pose/mAP50": 0.995,
  "test/pose/mAP50-95": 0.9913233082706767
}