{
  "training_duration_hours": 0.2199356272222222,
  "test/pose/mAP50": 0.995,
  "test/pose/mAP50-95": 0.9949999999999999
}